Model,RMSE Y (PLM),RMSE D (cp_active),RMSE Y IRM ATE (cp_active),RMSE Y IRM ATET (cp_active),RMSE D (lez_active),RMSE Y IRM ATE (lez_active),RMSE Y IRM ATET (lez_active),RMSE D (cp_x_lez),RMSE Y IRM ATE (cp_x_lez),RMSE Y IRM ATET (cp_x_lez)
OLS - Basic,0.4319340266455228,0.3270384915666276,0.4156937692920007,0.11427229299047366,0.35168274649795844,0.41954891775359415,0.2606714117189485,0.2551418192719836,0.388041869131155,0.24597378142929052
L1 (Lasso / Logistic L1),0.4233274562284735,0.30642824887923203,0.408341986914385,0.10976556472412055,0.30938662058418626,0.4147685766951914,0.2446235489477625,0.23408726483957265,0.3861481073183869,0.22992509059199343
L2 (Ridge / Logistic L2),0.43037028736227767,0.30135149414095863,0.41634561059503716,0.11391871032295624,0.3155065953137345,0.41827877187489304,0.25889768414621694,0.24897345098930046,0.3907748430734157,0.24538477713443543
Elastic Net,0.4242813713552062,0.30278381011391303,0.4098144781643772,0.10996644161543592,0.3108357326576672,0.41522547636296586,0.2450852121936951,0.24134774158497133,0.3867455419771132,0.23011560061890737
Single Tree (Depth 5),0.6145529967426732,0.4111429250098855,0.6425304022152797,0.19245642972029017,0.4018353082826321,0.6381420897998771,0.2856967036038771,0.3399071477606524,0.6466650850865828,0.28513575462364305
Random Forest,0.5100433830682854,0.3132669112782673,0.493201730545062,0.14949758686584838,0.32526758235163383,0.5073845701849901,0.24099649189175357,0.24172726518048154,0.4862518048774933,0.24078678207702267
Boosted Trees,0.40885584740401953,0.333101286489239,0.39605506681535907,0.15195675398495245,0.3144369835177746,0.4053238297146539,0.21710560333709528,0.23723538470108324,0.3706736409274925,0.215223340866171
Ensemble (Stacking),0.3983016464663575,0.2880419281798293,0.3861637314852912,0.14129583457494568,0.3028980539941914,0.39322452244636213,0.2180626841512306,0.22743273667731764,0.36679094520113514,0.21499767190410804
